EmpID,Age,AgeGroup,Attrition,BusinessTravel,DailyRate,Department,DistanceFromHome,Education,EducationField,EmployeeCount,EmployeeNumber,EnvironmentSatisfaction,Gender,HourlyRate,JobInvolvement,JobLevel,JobRole,JobSatisfaction,MaritalStatus,MonthlyIncome,SalarySlab,MonthlyRate,NumCompaniesWorked,Over18,OverTime,PercentSalaryHike,PerformanceRating,RelationshipSatisfaction,StandardHours,StockOptionLevel,TotalWorkingYears,TrainingTimesLastYear,WorkLifeBalance,YearsAtCompany,YearsInCurrentRole,YearsSinceLastPromotion,YearsWithCurrManager,Question1,Question2,Question3,Question4,Question5,Question6,Question7,Question8,Question9,Question10,Question11,Question12
RM302,18,18-25,No,Travel_Rarely,812,Sales,10,3,Medical,1,411,4,Female,69,2,1,Sales Representative,3,Single,1200,Upto 5k,9724,1,Y,No,12,3,1,80,0,0,2,3,0,0,0,0,,No,10,10,"Collaboration here is effective, due to lack of proper tools",Very comfortable workspace,"Seldom supported, very rigid",Doubtful we'll meet all objectives,"Not part of the team, very isolated",Good collaboration but can improve,Commitment is frequently questionable,
RM728,18,18-25,No,Non-Travel,287,Research & Development,5,2,Life Sciences,1,1012,2,Male,73,3,1,Research Scientist,4,Single,1051,Upto 5k,13493,1,Y,No,15,3,4,80,0,0,2,3,0,0,0,0,,Yes,1,10,"Collaboration here is effective, which makes work enjoyable","Highly uncomfortable, needs total revamp","Moderate support, but could improve",Doubtful we'll meet all objectives,Part of a team but not integral,We collaborate efficiently,"No commitment to quality, very frustrating",
RM973,18,18-25,No,Non-Travel,1124,Research & Development,1,3,Life Sciences,1,1368,4,Female,97,3,1,Laboratory Technician,4,Single,1611,Upto 5k,19305,1,Y,No,15,3,3,80,0,0,5,4,0,0,0,0,,No,8,1,,"Highly uncomfortable, needs total revamp",Support varies by department,Pessimistic about goal achievement,Somewhat disconnected from the team,"Poor collaboration, often misaligned","No commitment to quality, very frustrating",
RM1312,18,18-25,No,Non-Travel,1431,Research & Development,14,3,Medical,1,1839,2,Female,33,3,1,Research Scientist,3,Single,1514,Upto 5k,8018,1,Y,No,16,3,3,80,0,0,4,1,0,0,0,0,"I am very pleased, because of the supportive team",No,10,5,"We struggle with collaboration, but it can be chaotic at times",Very comfortable workspace,"Moderate support, but could improve",Pessimistic about goal achievement,"Not part of the team, very isolated","Poor collaboration, often misaligned","No commitment to quality, very frustrating",
RM150,19,18-25,No,Travel_Rarely,1181,Research & Development,3,1,Medical,1,201,2,Female,79,3,1,Laboratory Technician,2,Single,1483,Upto 5k,16102,1,Y,No,14,3,4,80,0,1,3,3,1,0,0,0,"I feel somewhat unsatisfied, as the work-life balance could be better",No,7,4,,"Highly uncomfortable, needs total revamp","Not supported, no flexibility",Mixed feelings about goal attainability,Somewhat disconnected from the team,"Terrible at collaborating, needs overhaul",Everyone is committed to quality,
RM854,19,18-25,No,Travel_Rarely,645,Research & Development,9,2,Life Sciences,1,1193,3,Male,54,3,1,Research Scientist,1,Single,2552,Upto 5k,7172,1,Y,No,25,4,3,80,0,1,4,3,1,1,0,0,"I am very pleased, as the work-life balance could be better",Yes,7,8,"Collaboration here is effective, which makes work enjoyable","Highly uncomfortable, needs total revamp",Support varies by department,Doubtful we'll meet all objectives,"Not part of the team, very isolated","Terrible at collaborating, needs overhaul",Commitment is frequently questionable,
RM910,19,18-25,No,Travel_Rarely,265,Research & Development,25,3,Life Sciences,1,1269,2,Female,57,4,1,Research Scientist,4,Single,2994,Upto 5k,21221,1,Y,Yes,12,3,4,80,0,1,2,3,1,0,0,1,"I am generally satisfied, as the work-life balance could be better",No,3,9,"Collaboration here is effective, due to lack of proper tools",Generally comfortable but improvements needed,"Not supported, no flexibility",Pessimistic about goal achievement,Part of a team but not integral,We collaborate efficiently,Most are committed but some aren't,
RM488,20,18-25,No,Travel_Rarely,959,Research & Development,1,3,Life Sciences,1,657,4,Female,83,2,1,Research Scientist,2,Single,2836,Upto 5k,11757,1,Y,No,13,3,4,80,0,1,0,4,1,0,0,0,"I feel somewhat unsatisfied, because of the supportive team",Yes,6,3,"Collaboration here is effective, which makes work enjoyable","Highly uncomfortable, needs total revamp",Highly supported for remote work,Mixed feelings about goal attainability,Part of a team but not integral,"Terrible at collaborating, needs overhaul",Everyone is committed to quality,
RM857,20,18-25,No,Travel_Rarely,805,Research & Development,3,3,Life Sciences,1,1198,1,Male,87,2,1,Laboratory Technician,3,Single,3033,Upto 5k,12828,1,Y,No,12,3,1,80,0,2,2,2,2,2,1,2,"I am very pleased, because of the supportive team",No,10,1,,"Average comfort, ergonomic issues",Support varies by department,Doubtful we'll meet all objectives,Often feel left out of the team,"Terrible at collaborating, needs overhaul",Lack of commitment is concerning,
RM877,20,18-25,No,Travel_Rarely,654,Sales,21,3,Marketing,1,1226,3,Male,43,4,1,Sales Representative,4,Single,2678,Upto 5k,5050,1,Y,No,17,3,4,80,0,2,2,3,2,1,2,2,"I feel somewhat unsatisfied, due to the challenging projects",Yes,2,10,,Generally comfortable but improvements needed,"Moderate support, but could improve",Mixed feelings about goal attainability,Part of a team but not integral,"Terrible at collaborating, needs overhaul","No commitment to quality, very frustrating",
RM1179,20,18-25,No,Travel_Rarely,1141,Sales,2,3,Medical,1,1657,3,Female,31,3,1,Sales Representative,3,Single,2783,Upto 5k,13251,1,Y,No,19,3,1,80,0,2,3,3,2,2,2,2,"I feel somewhat unsatisfied, as the work-life balance could be better",Yes,7,8,,Uncomfortable seating arrangements,"Seldom supported, very rigid",Pessimistic about goal achievement,Somewhat disconnected from the team,"Terrible at collaborating, needs overhaul","No commitment to quality, very frustrating",
RM1198,20,18-25,No,Travel_Rarely,727,Sales,9,1,Life Sciences,1,1680,4,Male,54,3,1,Sales Representative,1,Single,2728,Upto 5k,21082,1,Y,No,11,3,1,80,0,2,3,3,2,2,0,2,,Yes,8,4,"We struggle with collaboration, due to lack of proper tools",Very comfortable workspace,"Moderate support, but could improve",Pessimistic about goal achievement,Feel integral to the team,"Poor collaboration, often misaligned",Everyone is committed to quality,
RM024,21,18-25,No,Travel_Rarely,391,Research & Development,15,2,Life Sciences,1,30,3,Male,96,3,1,Research Scientist,4,Single,1232,Upto 5k,19281,1,Y,No,14,3,4,80,0,0,6,3,0,0,0,,"I am generally satisfied, because of the supportive team",Yes,4,3,,Generally comfortable but improvements needed,Highly supported for remote work,Pessimistic about goal achievement,Part of a team but not integral,We collaborate efficiently,"No commitment to quality, very frustrating",
RM275,21,18-25,No,Travel_Rarely,996,Research & Development,3,2,Medical,1,379,4,Male,100,2,1,Research Scientist,3,Single,3230,Upto 5k,10531,1,Y,No,17,3,1,80,0,3,4,4,3,2,1,0,,Yes,9,8,,Generally comfortable but improvements needed,Highly supported for remote work,Confident in reaching objectives,Somewhat disconnected from the team,We collaborate efficiently,"No commitment to quality, very frustrating",
RM363,21,18-25,No,Non-Travel,895,Sales,9,2,Medical,1,484,1,Male,39,3,1,Sales Representative,4,Single,2610,Upto 5k,2851,1,Y,No,24,4,3,80,0,3,3,2,3,2,2,,"I am very pleased, because of the supportive team",No,6,8,"Collaboration here is effective, but it can be chaotic at times","Average comfort, ergonomic issues","Moderate support, but could improve",Mixed feelings about goal attainability,Somewhat disconnected from the team,"Poor collaboration, often misaligned",Lack of commitment is concerning,
RM497,21,18-25,No,Travel_Rarely,1343,Sales,22,1,Technical Degree,1,669,3,Male,49,3,1,Sales Representative,3,Single,3447,Upto 5k,24444,1,Y,No,11,3,3,80,0,3,2,3,3,2,1,2,"I feel somewhat unsatisfied, as the work-life balance could be better",No,7,3,"Collaboration here is effective, but it can be chaotic at times",Generally comfortable but improvements needed,"Not supported, no flexibility",Doubtful we'll meet all objectives,Somewhat disconnected from the team,"Poor collaboration, often misaligned","No commitment to quality, very frustrating",
RM816,21,18-25,No,Travel_Rarely,984,Research & Development,1,1,Technical Degree,1,1131,4,Female,70,2,1,Research Scientist,2,Single,2070,Upto 5k,25326,1,Y,Yes,11,3,3,80,0,2,6,4,2,2,2,2,"I am generally satisfied, because of the supportive team",Yes,1,5,,"Average comfort, ergonomic issues","Moderate support, but could improve",Confident in reaching objectives,Feel integral to the team,Good collaboration but can improve,Everyone is committed to quality,
RM1153,21,18-25,No,Travel_Rarely,546,Research & Development,5,1,Medical,1,1623,3,Male,97,3,1,Research Scientist,4,Single,3117,Upto 5k,26009,1,Y,No,18,3,3,80,0,3,2,3,2,2,2,2,"I feel somewhat unsatisfied, due to the challenging projects",Yes,9,1,"We struggle with collaboration, due to lack of proper tools",Very comfortable workspace,"Seldom supported, very rigid",Uncertain about some goals,Often feel left out of the team,"Average collaboration, depends on the project",Everyone is committed to quality,
RM1437,21,18-25,No,Travel_Rarely,501,Sales,5,1,Medical,1,2021,3,Male,58,3,1,Sales Representative,1,Single,2380,Upto 5k,25479,1,Y,Yes,11,3,4,80,0,2,6,3,2,2,1,2,,No,5,8,,Generally comfortable but improvements needed,"Seldom supported, very rigid",Pessimistic about goal achievement,Feel integral to the team,"Terrible at collaborating, needs overhaul",Commitment is frequently questionable,
RM018,22,18-25,No,Non-Travel,1123,Research & Development,16,2,Medical,1,22,4,Male,96,4,1,Laboratory Technician,4,Divorced,2935,Upto 5k,7324,1,Y,Yes,13,3,2,80,2,1,2,2,1,0,0,0,"I am very pleased, as the work-life balance could be better",Yes,3,10,,Generally comfortable but improvements needed,"Moderate support, but could improve",Confident in reaching objectives,Often feel left out of the team,We collaborate efficiently,"No commitment to quality, very frustrating",
RM110,22,18-25,No,Travel_Rarely,534,Research & Development,15,3,Medical,1,144,2,Female,59,3,1,Laboratory Technician,4,Single,2871,Upto 5k,23785,1,Y,No,15,3,3,80,0,1,5,3,0,0,0,0,,Yes,7,3,"There is room for improvement in collaboration, which makes work enjoyable","Average comfort, ergonomic issues","Not supported, no flexibility",Mixed feelings about goal attainability,Often feel left out of the team,"Average collaboration, depends on the project",Lack of commitment is concerning,
RM129,22,18-25,No,Travel_Rarely,594,Research & Development,2,1,Technical Degree,1,169,3,Male,100,3,1,Laboratory Technician,4,Married,2523,Upto 5k,19299,0,Y,No,14,3,3,80,1,3,2,3,2,1,2,1,,No,2,8,,Very comfortable workspace,"Moderate support, but could improve",Confident in reaching objectives,Somewhat disconnected from the team,"Terrible at collaborating, needs overhaul",Lack of commitment is concerning,
RM161,22,18-25,No,Travel_Rarely,1256,Research & Development,19,1,Medical,1,217,3,Male,80,3,1,Research Scientist,4,Married,2323,Upto 5k,11992,1,Y,No,24,4,1,80,2,2,6,3,2,2,2,2,,No,8,1,,Generally comfortable but improvements needed,"Not supported, no flexibility",Confident in reaching objectives,Part of a team but not integral,"Average collaboration, depends on the project","No commitment to quality, very frustrating",
RM207,22,18-25,No,Travel_Rarely,1136,Research & Development,5,3,Life Sciences,1,284,4,Male,60,4,1,Research Scientist,2,Divorced,2328,Upto 5k,12392,1,Y,Yes,16,3,1,80,1,4,2,2,4,2,2,,,Yes,9,8,,"Highly uncomfortable, needs total revamp",Highly supported for remote work,Uncertain about some goals,Part of a team but not integral,"Average collaboration, depends on the project",Everyone is committed to quality,
RM384,22,18-25,No,Travel_Rarely,253,Research & Development,11,3,Medical,1,511,1,Female,43,3,1,Research Scientist,2,Married,2244,Upto 5k,24440,1,Y,No,13,3,4,80,1,2,1,3,2,1,1,2,,No,6,7,,Uncomfortable seating arrangements,"Not supported, no flexibility",Mixed feelings about goal attainability,"Not part of the team, very isolated","Terrible at collaborating, needs overhaul",Lack of commitment is concerning,
RM499,22,18-25,No,Travel_Rarely,604,Research & Development,6,1,Medical,1,675,1,Male,69,3,1,Research Scientist,3,Married,2773,Upto 5k,12145,0,Y,No,20,4,4,80,0,3,3,3,2,2,2,2,"I am generally satisfied, because of the supportive team",Yes,6,7,,Generally comfortable but improvements needed,Highly supported for remote work,Mixed feelings about goal attainability,Often feel left out of the team,"Average collaboration, depends on the project",Most are committed but some aren't,
RM631,22,18-25,No,Travel_Rarely,1230,Research & Development,1,2,Life Sciences,1,872,4,Male,33,2,2,Manufacturing Director,4,Married,4775,Upto 5k,19146,6,Y,No,22,4,1,80,2,4,2,1,2,2,2,2,"I feel somewhat unsatisfied, because of the supportive team",Yes,3,10,,"Average comfort, ergonomic issues","Moderate support, but could improve",Pessimistic about goal achievement,Part of a team but not integral,"Poor collaboration, often misaligned",Most are committed but some aren't,
RM735,22,18-25,No,Travel_Rarely,217,Research & Development,8,1,Life Sciences,1,1019,2,Male,94,1,1,Laboratory Technician,1,Married,2451,Upto 5k,6881,1,Y,No,15,3,1,80,1,4,3,2,4,3,1,1,"I am generally satisfied, as the work-life balance could be better",No,3,10,,Uncomfortable seating arrangements,Support varies by department,Doubtful we'll meet all objectives,Feel integral to the team,"Terrible at collaborating, needs overhaul",Lack of commitment is concerning,
RM1138,22,18-25,No,Non-Travel,457,Research & Development,26,2,Other,1,1605,2,Female,85,2,1,Research Scientist,3,Married,2814,Upto 5k,10293,1,Y,Yes,14,3,2,80,0,4,2,2,4,2,1,3,,No,5,3,"We struggle with collaboration, which makes work enjoyable",Uncomfortable seating arrangements,Highly supported for remote work,Doubtful we'll meet all objectives,Part of a team but not integral,Good collaboration but can improve,"No commitment to quality, very frustrating",
RM1424,22,18-25,No,Travel_Rarely,581,Research & Development,1,2,Life Sciences,1,2007,4,Male,63,3,1,Research Scientist,3,Single,3375,Upto 5k,17624,0,Y,No,12,3,4,80,0,4,2,4,3,2,1,2,"I am very pleased, due to the challenging projects",Yes,5,9,"Collaboration here is effective, but it can be chaotic at times",Very comfortable workspace,"Seldom supported, very rigid",Pessimistic about goal achievement,Somewhat disconnected from the team,"Terrible at collaborating, needs overhaul",Lack of commitment is concerning,
RM087,23,18-25,No,Travel_Rarely,541,Sales,2,1,Technical Degree,1,113,3,Male,62,3,1,Sales Representative,1,Divorced,2322,Upto 5k,9518,3,Y,No,13,3,3,80,1,3,3,3,0,0,0,0,"I feel somewhat unsatisfied, because of the supportive team",Yes,6,7,,"Average comfort, ergonomic issues","Moderate support, but could improve",Doubtful we'll meet all objectives,Somewhat disconnected from the team,"Terrible at collaborating, needs overhaul","No commitment to quality, very frustrating",
RM346,23,18-25,No,Travel_Rarely,1309,Research & Development,26,1,Life Sciences,1,465,3,Male,83,3,1,Research Scientist,4,Divorced,2904,Upto 5k,16092,1,Y,No,12,3,3,80,2,4,2,2,4,2,0,2,"I am generally satisfied, because of the supportive team",No,4,3,,"Highly uncomfortable, needs total revamp",Support varies by department,Mixed feelings about goal attainability,"Not part of the team, very isolated",We collaborate efficiently,"No commitment to quality, very frustrating",
RM517,23,18-25,No,Travel_Rarely,885,Research & Development,4,3,Medical,1,705,1,Male,58,4,1,Research Scientist,1,Married,2819,Upto 5k,8544,2,Y,No,16,3,1,80,1,5,3,4,3,2,0,2,,No,3,1,"We struggle with collaboration, but it can be chaotic at times",Very comfortable workspace,Highly supported for remote work,Confident in reaching objectives,"Not part of the team, very isolated","Terrible at collaborating, needs overhaul",Most are committed but some aren't,
RM551,23,18-25,No,Travel_Rarely,650,Research & Development,9,1,Medical,1,758,2,Male,37,3,1,Laboratory Technician,1,Married,2500,Upto 5k,4344,1,Y,No,14,3,4,80,1,5,2,4,4,3,0,2,,Yes,1,5,"There is room for improvement in collaboration, but it can be chaotic at times","Highly uncomfortable, needs total revamp",Highly supported for remote work,Mixed feelings about goal attainability,"Not part of the team, very isolated","Poor collaboration, often misaligned",Most are committed but some aren't,
RM566,23,18-25,No,Travel_Rarely,310,Research & Development,10,1,Medical,1,784,1,Male,79,4,1,Research Scientist,3,Single,3505,Upto 5k,19630,1,Y,No,18,3,4,80,0,2,3,3,2,2,0,2,,No,5,10,"We struggle with collaboration, but it can be chaotic at times",Very comfortable workspace,Highly supported for remote work,Doubtful we'll meet all objectives,Somewhat disconnected from the team,"Average collaboration, depends on the project",Most are committed but some aren't,
RM911,23,18-25,No,Travel_Rarely,373,Research & Development,1,2,Life Sciences,1,1270,4,Male,47,3,1,Research Scientist,3,Married,1223,Upto 5k,16901,1,Y,No,22,4,4,80,1,1,2,3,1,0,0,1,,No,5,7,,"Average comfort, ergonomic issues","Seldom supported, very rigid",Pessimistic about goal achievement,"Not part of the team, very isolated","Terrible at collaborating, needs overhaul","No commitment to quality, very frustrating",
RM1083,23,18-25,No,Travel_Rarely,507,Research & Development,20,1,Life Sciences,1,1533,1,Male,97,3,2,Laboratory Technician,3,Single,2272,Upto 5k,24812,0,Y,No,14,3,2,80,0,5,2,3,4,3,1,2,"I feel somewhat unsatisfied, as the work-life balance could be better",No,5,1,"There is room for improvement in collaboration, but it can be chaotic at times",Uncomfortable seating arrangements,"Moderate support, but could improve",Mixed feelings about goal attainability,Often feel left out of the team,Good collaboration but can improve,Most are committed but some aren't,
RM1128,23,18-25,No,Travel_Rarely,977,Research & Development,10,3,Technical Degree,1,1592,4,Male,45,4,1,Research Scientist,3,Married,2073,Upto 5k,12826,2,Y,No,16,3,4,80,1,4,2,3,2,2,2,2,,No,6,10,,"Average comfort, ergonomic issues",Support varies by department,Uncertain about some goals,Often feel left out of the team,We collaborate efficiently,Most are committed but some aren't,
RM1239,23,18-25,No,Travel_Rarely,160,Research & Development,4,1,Medical,1,1735,3,Female,51,3,1,Laboratory Technician,2,Single,3295,Upto 5k,12862,1,Y,No,13,3,3,80,0,3,3,1,3,2,1,2,,Yes,8,8,"We struggle with collaboration, but it can be chaotic at times",Uncomfortable seating arrangements,"Seldom supported, very rigid",Mixed feelings about goal attainability,Often feel left out of the team,Good collaboration but can improve,Lack of commitment is concerning,
RM1409,23,18-25,No,Travel_Rarely,571,Research & Development,12,2,Other,1,1982,4,Male,78,3,1,Laboratory Technician,4,Single,2647,Upto 5k,13672,1,Y,No,13,3,3,80,0,5,6,4,5,2,1,4,,Yes,8,4,,Uncomfortable seating arrangements,Highly supported for remote work,Uncertain about some goals,Somewhat disconnected from the team,"Terrible at collaborating, needs overhaul",Everyone is committed to quality,
RM021,24,18-25,No,Non-Travel,673,Research & Development,11,2,Other,1,26,1,Female,96,4,2,Manufacturing Director,3,Divorced,4011,Upto 5k,8232,0,Y,No,18,3,4,80,1,5,5,2,4,2,1,3,,No,7,3,"There is room for improvement in collaboration, due to lack of proper tools",Very comfortable workspace,"Moderate support, but could improve",Uncertain about some goals,Feel integral to the team,Good collaboration but can improve,Lack of commitment is concerning,
RM097,24,18-25,No,Travel_Rarely,1353,Sales,3,2,Other,1,128,1,Female,33,3,2,Sales Executive,3,Married,4999,Upto 5k,17519,0,Y,No,21,4,1,80,1,4,2,2,3,2,0,2,"I am very pleased, due to the challenging projects",Yes,5,2,"Collaboration here is effective, due to lack of proper tools","Average comfort, ergonomic issues",Highly supported for remote work,Confident in reaching objectives,Often feel left out of the team,"Average collaboration, depends on the project",Everyone is committed to quality,
RM114,24,18-25,No,Travel_Rarely,1127,Research & Development,18,1,Life Sciences,1,150,2,Male,52,3,1,Laboratory Technician,3,Married,2774,Upto 5k,13257,0,Y,No,12,3,3,80,1,6,2,3,5,3,1,2,,Yes,3,1,"There is room for improvement in collaboration, due to lack of proper tools","Highly uncomfortable, needs total revamp","Not supported, no flexibility",Uncertain about some goals,Part of a team but not integral,"Average collaboration, depends on the project",Most are committed but some aren't,
RM381,24,18-25,No,Travel_Rarely,1371,Sales,10,4,Marketing,1,507,4,Female,77,3,2,Sales Executive,3,Divorced,4260,Upto 5k,5915,1,Y,Yes,12,3,4,80,1,5,2,4,5,2,0,3,"I am very pleased, as the work-life balance could be better",No,2,5,"Collaboration here is effective, due to lack of proper tools","Average comfort, ergonomic issues","Not supported, no flexibility",Uncertain about some goals,Often feel left out of the team,Good collaboration but can improve,Lack of commitment is concerning,
RM471,24,18-25,No,Travel_Frequently,535,Sales,24,3,Medical,1,632,4,Male,38,3,1,Sales Representative,4,Married,2400,Upto 5k,5530,0,Y,No,13,3,3,80,2,3,3,3,2,2,2,1,"I feel somewhat unsatisfied, as the work-life balance could be better",No,7,5,"Collaboration here is effective, which makes work enjoyable",Uncomfortable seating arrangements,"Moderate support, but could improve",Confident in reaching objectives,Somewhat disconnected from the team,Good collaboration but can improve,Everyone is committed to quality,
RM475,24,18-25,No,Travel_Rarely,691,Research & Development,23,3,Medical,1,639,2,Male,89,4,1,Research Scientist,4,Married,2725,Upto 5k,21630,1,Y,Yes,11,3,2,80,2,6,3,3,6,5,1,4,"I am very pleased, due to the challenging projects",No,3,5,,Generally comfortable but improvements needed,"Seldom supported, very rigid",Uncertain about some goals,Often feel left out of the team,"Poor collaboration, often misaligned",Everyone is committed to quality,
RM477,24,18-25,No,Travel_Rarely,823,Research & Development,17,2,Other,1,643,4,Male,94,2,1,Laboratory Technician,2,Married,2127,Upto 5k,9100,1,Y,No,21,4,4,80,1,1,2,3,1,0,0,0,,No,2,4,,"Average comfort, ergonomic issues","Moderate support, but could improve",Doubtful we'll meet all objectives,Part of a team but not integral,"Terrible at collaborating, needs overhaul",Commitment is frequently questionable,
RM587,24,18-25,No,Non-Travel,1092,Research & Development,9,3,Life Sciences,1,812,3,Male,60,2,1,Laboratory Technician,2,Divorced,2694,Upto 5k,26551,1,Y,No,11,3,3,80,3,1,4,3,1,0,0,0,,Yes,7,2,,Generally comfortable but improvements needed,Highly supported for remote work,Mixed feelings about goal attainability,Often feel left out of the team,"Terrible at collaborating, needs overhaul",Everyone is committed to quality,
RM641,24,18-25,No,Non-Travel,1269,Research & Development,4,1,Life Sciences,1,888,1,Male,46,2,1,Laboratory Technician,4,Married,3162,Upto 5k,10778,0,Y,No,17,3,4,80,0,6,2,2,5,2,3,4,,Yes,1,5,,Very comfortable workspace,"Seldom supported, very rigid",Pessimistic about goal achievement,Often feel left out of the team,Good collaboration but can improve,Commitment is frequently questionable,
RM725,24,18-25,No,Travel_Rarely,1206,Research & Development,17,1,Medical,1,1009,4,Female,41,2,2,Manufacturing Director,3,Divorced,4377,Upto 5k,24117,1,Y,No,15,3,2,80,2,5,6,3,4,2,3,2,,No,8,4,,Generally comfortable but improvements needed,"Seldom supported, very rigid",Pessimistic about goal achievement,Feel integral to the team,Good collaboration but can improve,Most are committed but some aren't,
RM842,24,18-25,No,Travel_Rarely,477,Research & Development,24,3,Medical,1,1173,4,Male,49,3,1,Laboratory Technician,2,Single,3597,Upto 5k,6409,8,Y,No,22,4,4,80,0,6,2,3,4,3,1,2,,Yes,10,6,,Very comfortable workspace,"Moderate support, but could improve",Confident in reaching objectives,"Not part of the team, very isolated","Average collaboration, depends on the project",Commitment is frequently questionable,
RM1026,24,18-25,No,Travel_Rarely,1476,Sales,4,1,Medical,1,1445,4,Female,42,3,2,Sales Executive,3,Married,4162,Upto 5k,15211,1,Y,Yes,12,3,3,80,2,5,3,3,5,4,0,3,,No,6,2,"There is room for improvement in collaboration, which makes work enjoyable",Generally comfortable but improvements needed,Highly supported for remote work,Doubtful we'll meet all objectives,Part of a team but not integral,Good collaboration but can improve,Everyone is committed to quality,
RM1062,24,18-25,No,Non-Travel,830,Sales,13,2,Life Sciences,1,1495,4,Female,78,3,1,Sales Representative,2,Married,2033,Upto 5k,7103,1,Y,No,13,3,3,80,1,1,2,3,1,0,0,0,,Yes,5,6,,Uncomfortable seating arrangements,Highly supported for remote work,Confident in reaching objectives,Feel integral to the team,We collaborate efficiently,Lack of commitment is concerning,
RM1098,24,18-25,No,Travel_Rarely,350,Research & Development,21,2,Technical Degree,1,1551,3,Male,57,2,1,Laboratory Technician,1,Divorced,2296,Upto 5k,10036,0,Y,No,14,3,2,80,3,2,3,3,1,1,0,0,,Yes,10,3,"We struggle with collaboration, which makes work enjoyable",Uncomfortable seating arrangements,Support varies by department,Confident in reaching objectives,Part of a team but not integral,"Terrible at collaborating, needs overhaul",Most are committed but some aren't,
RM1169,24,18-25,No,Travel_Frequently,567,Research & Development,2,1,Technical Degree,1,1646,1,Female,32,3,1,Research Scientist,4,Single,3760,Upto 5k,17218,1,Y,Yes,13,3,3,80,0,6,2,3,6,3,1,3,,Yes,6,5,,Uncomfortable seating arrangements,"Moderate support, but could improve",Confident in reaching objectives,"Not part of the team, very isolated","Terrible at collaborating, needs overhaul",Lack of commitment is concerning,
RM1218,24,18-25,No,Travel_Rarely,581,Research & Development,9,3,Medical,1,1707,3,Male,62,4,1,Research Scientist,3,Married,4401,Upto 5k,17616,1,Y,No,16,3,4,80,1,5,1,3,5,3,0,4,,Yes,2,3,,Very comfortable workspace,"Not supported, no flexibility",Mixed feelings about goal attainability,Part of a team but not integral,"Terrible at collaborating, needs overhaul",Commitment is frequently questionable,
RM1231,24,18-25,No,Travel_Rarely,506,Research & Development,29,1,Medical,1,1725,2,Male,91,3,1,Laboratory Technician,1,Divorced,3907,Upto 5k,3622,1,Y,No,13,3,2,80,3,6,2,4,6,2,1,2,"I am very pleased, as the work-life balance could be better",Yes,8,3,,Very comfortable workspace,"Seldom supported, very rigid",Doubtful we'll meet all objectives,"Not part of the team, very isolated","Poor collaboration, often misaligned","No commitment to quality, very frustrating",
RM1246,24,18-25,No,Travel_Frequently,897,Human Resources,10,3,Medical,1,1746,1,Male,59,3,1,Human Resources,4,Married,2145,Upto 5k,2097,0,Y,No,14,3,4,80,1,3,2,3,2,2,2,1,,No,8,1,,"Highly uncomfortable, needs total revamp",Highly supported for remote work,Doubtful we'll meet all objectives,"Not part of the team, very isolated","Terrible at collaborating, needs overhaul","No commitment to quality, very frustrating",
RM1408,24,18-25,No,Travel_Rarely,771,Research & Development,1,2,Life Sciences,1,1981,2,Male,45,2,2,Healthcare Representative,3,Single,4617,Upto 5k,14120,1,Y,No,12,3,2,80,0,4,2,2,4,3,1,2,,No,1,7,,Generally comfortable but improvements needed,Highly supported for remote work,Uncertain about some goals,Often feel left out of the team,"Average collaboration, depends on the project","No commitment to quality, very frustrating",
RM109,25,18-25,No,Travel_Rarely,1280,Research & Development,7,1,Medical,1,143,4,Male,64,2,1,Research Scientist,4,Married,2889,Upto 5k,26897,1,Y,No,11,3,3,80,2,2,2,3,2,2,2,1,"I am generally satisfied, because of the supportive team",No,8,5,,Very comfortable workspace,"Seldom supported, very rigid",Confident in reaching objectives,Often feel left out of the team,Good collaboration but can improve,Commitment is frequently questionable,
RM139,25,18-25,No,Travel_Rarely,959,Sales,28,3,Life Sciences,1,183,1,Male,41,2,2,Sales Executive,3,Married,8639,5k-10k,24835,2,Y,No,18,3,4,80,0,6,3,3,2,2,2,,,No,2,6,,Very comfortable workspace,"Moderate support, but could improve",Confident in reaching objectives,Somewhat disconnected from the team,Good collaboration but can improve,"No commitment to quality, very frustrating",
RM297,18,18-25,Yes,Travel_Rarely,230,Research & Development,3,3,Life Sciences,1,405,3,Male,54,3,1,Laboratory Technician,3,Single,1420,Upto 5k,25233,1,Y,No,13,3,3,80,0,0,2,3,0,0,0,0,,Yes,10,10,,"Average comfort, ergonomic issues","Moderate support, but could improve",Doubtful we'll meet all objectives,Somewhat disconnected from the team,"Average collaboration, depends on the project","No commitment to quality, very frustrating","Honestly, my boss can be so out of touch sometimes. It's like, get with the times, you know?"
RM458,18,18-25,Yes,Travel_Frequently,1306,Sales,5,3,Marketing,1,614,2,Male,69,3,1,Sales Representative,2,Single,1878,Upto 5k,8059,1,Y,Yes,14,3,4,80,0,0,3,3,0,0,0,0,,Yes,10,8,,"Average comfort, ergonomic issues",Support varies by department,Doubtful we'll meet all objectives,Somewhat disconnected from the team,"Poor collaboration, often misaligned",Lack of commitment is concerning,"The work vibe's pretty stale, could use some shaking up. Feels like we're coding on a typewriter."
RM829,18,18-25,Yes,Non-Travel,247,Research & Development,8,1,Medical,1,1156,3,Male,80,3,1,Laboratory Technician,3,Single,1904,Upto 5k,13556,1,Y,No,12,3,4,80,0,0,0,3,0,0,0,0,I have never hated an employer more than I hate this one. ,Yes,3,5,,Uncomfortable seating arrangements,Highly supported for remote work,Doubtful we'll meet all objectives,Somewhat disconnected from the team,Good collaboration but can improve,Lack of commitment is concerning,"Colleagues are chill, but when it's crunch time, it's like herding cats to get anything done."
RM1154,18,18-25,Yes,Travel_Frequently,544,Sales,3,2,Medical,1,1624,2,Female,70,3,1,Sales Representative,4,Single,1569,Upto 5k,18420,1,Y,Yes,12,3,3,80,0,0,2,4,0,0,0,0,,No,8,8,,"Highly uncomfortable, needs total revamp","Moderate support, but could improve",Pessimistic about goal achievement,Part of a team but not integral,"Terrible at collaborating, needs overhaul",Most are committed but some aren't,"The environment's a bummer sometimes. We need more green, less screen, make the space breathe!"
RM128,19,18-25,Yes,Travel_Rarely,528,Sales,22,1,Marketing,1,167,4,Male,50,3,1,Sales Representative,3,Single,1675,Upto 5k,26820,1,Y,Yes,19,3,4,80,0,0,2,2,0,0,0,0,My boss is a moron,Yes,8,1,"We struggle with collaboration, due to lack of proper tools",Very comfortable workspace,Support varies by department,Confident in reaching objectives,Somewhat disconnected from the team,"Terrible at collaborating, needs overhaul",Lack of commitment is concerning,"My boss is on a permanent power trip, I swear. More flexibility would be the dream."
RM172,19,18-25,Yes,Travel_Frequently,602,Sales,1,1,Technical Degree,1,235,3,Female,100,1,1,Sales Representative,1,Single,2325,Upto 5k,20989,0,Y,No,21,4,1,80,0,1,5,4,0,0,0,0,,No,2,1,"We struggle with collaboration, which makes work not enjoyable","Highly uncomfortable, needs total revamp",Highly supported for remote work,Confident in reaching objectives,Part of a team but not integral,"Average collaboration, depends on the project",Most are committed but some aren't,"This workload is brutal, like, can we get some work-life balance here? It's not all hustle."
RM178,19,18-25,Yes,Travel_Rarely,303,Research & Development,2,3,Life Sciences,1,243,2,Male,47,2,1,Laboratory Technician,4,Single,1102,Upto 5k,9241,1,Y,No,22,4,3,80,0,1,3,2,1,0,1,0,,Yes,3,9,,Generally comfortable but improvements needed,Support varies by department,Pessimistic about goal achievement,Often feel left out of the team,We collaborate efficiently,Commitment is frequently questionable,Working here can be a drag when no one seems to care about your growth. Feels like I'm stuck.
RM423,19,18-25,Yes,Travel_Rarely,489,Human Resources,2,2,Technical Degree,1,566,1,Male,52,2,1,Human Resources,4,Single,2564,Upto 5k,18437,1,Y,No,12,3,3,80,0,1,3,4,1,0,0,0,my coworkers are stupid,Yes,9,10,,Generally comfortable but improvements needed,Highly supported for remote work,Confident in reaching objectives,Somewhat disconnected from the team,"Poor collaboration, often misaligned",Most are committed but some aren't,"Coworkers are okay, but some just skate by, and the rest of us pick up the slack. Not cool."
RM689,19,18-25,Yes,Travel_Rarely,419,Sales,21,3,Other,1,959,4,Male,37,2,1,Sales Representative,2,Single,2121,Upto 5k,9947,1,Y,Yes,13,3,2,80,0,1,3,4,1,0,0,0,the AC is set way too low. Is this alaska?,Yes,2,2,"There is room for improvement in collaboration, which makes work enjoyable",Uncomfortable seating arrangements,Highly supported for remote work,Mixed feelings about goal attainability,Feel integral to the team,We collaborate efficiently,Most are committed but some aren't,We talk innovation but walk in circles. Can we get some fresh ideas flowing in here?
RM893,19,18-25,Yes,Non-Travel,504,Research & Development,10,3,Medical,1,1248,1,Female,96,2,1,Research Scientist,2,Single,1859,Upto 5k,6148,1,Y,Yes,25,4,2,80,0,1,2,4,1,1,0,0,"I feel somewhat unsatisfied, as the work-life balance could be better",No,1,4,"There is room for improvement in collaboration, due to lack of proper tools","Average comfort, ergonomic issues","Moderate support, but could improve",Uncertain about some goals,Somewhat disconnected from the team,"Average collaboration, depends on the project","No commitment to quality, very frustrating","Sometimes it's like, do I work at a startup or a relic from the '90s? Need an upgrade, stat."
RM103,20,18-25,Yes,Travel_Frequently,871,Research & Development,6,3,Life Sciences,1,137,4,Female,66,2,1,Laboratory Technician,4,Single,2926,Upto 5k,19783,1,Y,Yes,18,3,2,80,0,1,5,3,1,0,1,0,,Yes,1,2,,Very comfortable workspace,Highly supported for remote work,Pessimistic about goal achievement,Feel integral to the team,Good collaboration but can improve,Most are committed but some aren't,"It's wild how one boss can turn a cool gig into a total grind. Lighten up, maybe?"
RM514,20,18-25,Yes,Travel_Rarely,1362,Research & Development,10,1,Medical,1,701,4,Male,32,3,1,Research Scientist,3,Single,1009,Upto 5k,26999,1,Y,Yes,11,3,4,80,0,1,5,3,1,0,1,1,,Yes,4,2,"We struggle with collaboration, but it can be chaotic at times","Average comfort, ergonomic issues","Moderate support, but could improve",Doubtful we'll meet all objectives,Somewhat disconnected from the team,Good collaboration but can improve,Everyone is committed to quality,"When they said 'start-up pace,' I didn't think they meant 24/7. Slow it down, people!"
RM663,20,18-25,Yes,Travel_Rarely,500,Sales,2,3,Medical,1,922,3,Female,49,2,1,Sales Representative,3,Single,2044,Upto 5k,22052,1,Y,No,13,3,4,80,0,2,3,2,2,2,0,2,my boss works me to the bone. ,Yes,1,10,,"Average comfort, ergonomic issues",Support varies by department,Doubtful we'll meet all objectives,Feel integral to the team,We collaborate efficiently,Lack of commitment is concerning,"My manager could really take a page out of a modern leadership book. Autonomy is key, dude."
RM690,20,18-25,Yes,Travel_Rarely,129,Research & Development,4,3,Technical Degree,1,960,1,Male,84,3,1,Laboratory Technician,1,Single,2973,Upto 5k,13008,1,Y,No,19,3,2,80,0,1,2,3,1,0,0,0,"I am very pleased, due to the challenging projects",No,5,5,,"Average comfort, ergonomic issues","Not supported, no flexibility",Uncertain about some goals,"Not part of the team, very isolated",We collaborate efficiently,Commitment is frequently questionable,"This place could be lit if they'd just fix the broken coffee machine. Small things, big impact."
RM732,20,18-25,Yes,Travel_Rarely,1097,Research & Development,11,3,Medical,1,1016,4,Female,98,2,1,Research Scientist,1,Single,2600,Upto 5k,18275,1,Y,Yes,15,3,1,80,0,1,2,3,1,0,0,0,,Yes,4,1,,Very comfortable workspace,Highly supported for remote work,Doubtful we'll meet all objectives,"Not part of the team, very isolated",We collaborate efficiently,"No commitment to quality, very frustrating","Coworkers are mostly dope, but team spirit's a no-show. Let's build each other up, yeah?"
RM777,20,18-25,Yes,Travel_Frequently,769,Sales,9,3,Marketing,1,1077,4,Female,54,3,1,Sales Representative,4,Single,2323,Upto 5k,17205,1,Y,Yes,14,3,2,80,0,2,3,3,2,2,0,2,"I am generally satisfied, because of the supportive team",Yes,10,3,,Generally comfortable but improvements needed,Highly supported for remote work,Mixed feelings about goal attainability,"Not part of the team, very isolated","Poor collaboration, often misaligned","No commitment to quality, very frustrating",Annual reviews are a joke. More frequent check-ins would actually be helpful.
RM358,21,18-25,Yes,Travel_Frequently,756,Sales,1,1,Technical Degree,1,478,1,Female,99,2,1,Sales Representative,2,Single,2174,Upto 5k,9150,1,Y,Yes,11,3,3,80,0,3,3,3,3,2,1,2,"I feel somewhat unsatisfied, due to the challenging projects",No,3,9,"We struggle with collaboration, due to lack of proper tools","Average comfort, ergonomic issues","Not supported, no flexibility",Pessimistic about goal achievement,Often feel left out of the team,Good collaboration but can improve,Lack of commitment is concerning,"Our social events are so awkward, it‚Äôs like a bad first date. More chill, less forced."
RM371,21,18-25,Yes,Travel_Rarely,156,Sales,12,3,Life Sciences,1,494,3,Female,90,4,1,Sales Representative,2,Single,2716,Upto 5k,25422,1,Y,No,15,3,4,80,0,1,0,3,1,0,0,0,,No,7,6,"We struggle with collaboration, due to lack of proper tools",Very comfortable workspace,"Seldom supported, very rigid",Uncertain about some goals,Part of a team but not integral,"Average collaboration, depends on the project",Most are committed but some aren't,"Too many chiefs, not enough listeners. It's like everyone wants to lead, and no one wants to hear."
RM664,21,18-25,Yes,Travel_Rarely,1427,Research & Development,18,1,Other,1,923,4,Female,65,3,1,Research Scientist,4,Single,2693,Upto 5k,8870,1,Y,No,19,3,1,80,0,1,3,2,1,0,0,0,,Yes,6,8,,"Highly uncomfortable, needs total revamp","Seldom supported, very rigid",Pessimistic about goal achievement,Feel integral to the team,Good collaboration but can improve,"No commitment to quality, very frustrating",Got more deadlines than I've got emojis üò©. It's non-stop around here.
RM778,21,18-25,Yes,Travel_Rarely,1334,Research & Development,10,3,Life Sciences,1,1079,3,Female,36,2,1,Laboratory Technician,1,Single,1416,Upto 5k,17258,1,Y,No,13,3,1,80,0,1,6,2,1,0,1,0,,Yes,9,5,"We struggle with collaboration, which makes work enjoyable","Average comfort, ergonomic issues","Not supported, no flexibility",Confident in reaching objectives,Often feel left out of the team,Good collaboration but can improve,"No commitment to quality, very frustrating","Our tech? Please, my phone's faster. We seriously need better gear if they expect better results."
RM916,21,18-25,Yes,Travel_Frequently,251,Research & Development,10,2,Life Sciences,1,1279,1,Female,45,2,1,Laboratory Technician,3,Single,2625,Upto 5k,25308,1,Y,No,20,4,3,80,0,2,2,1,2,2,2,2,"I am very pleased, because of the supportive team",Yes,9,9,,Uncomfortable seating arrangements,Highly supported for remote work,Mixed feelings about goal attainability,Often feel left out of the team,We collaborate efficiently,"No commitment to quality, very frustrating",Zero chill in how projects are managed. It's all rush and no rhythm.
RM1272,21,18-25,Yes,Travel_Rarely,337,Sales,7,1,Marketing,1,1780,2,Male,31,3,1,Sales Representative,2,Single,2679,Upto 5k,4567,1,Y,No,13,3,2,80,0,1,3,3,1,0,1,0,"I feel somewhat unsatisfied, due to the challenging projects",Yes,4,7,"Collaboration here is effective, due to lack of proper tools",Generally comfortable but improvements needed,"Moderate support, but could improve",Pessimistic about goal achievement,Somewhat disconnected from the team,Good collaboration but can improve,Most are committed but some aren't,"Feedback loops are like ghost stories; heard about them, never seen 'em."
RM444,22,18-25,Yes,Travel_Frequently,1368,Research & Development,4,1,Technical Degree,1,593,3,Male,99,2,1,Laboratory Technician,3,Single,3894,Upto 5k,9129,5,Y,No,16,3,3,80,0,4,3,3,2,2,1,2,,No,9,4,,Uncomfortable seating arrangements,Support varies by department,Uncertain about some goals,"Not part of the team, very isolated","Poor collaboration, often misaligned",Lack of commitment is concerning,Diversity in the brochure doesn‚Äôt match the meeting room. Let‚Äôs make it real.
RM667,22,18-25,Yes,Travel_Rarely,617,Research & Development,3,1,Life Sciences,1,926,2,Female,34,3,2,Manufacturing Director,3,Married,4171,Upto 5k,10022,0,Y,Yes,19,3,1,80,1,4,3,4,3,2,0,2,"I am generally satisfied, as the work-life balance could be better",No,10,7,,Uncomfortable seating arrangements,"Moderate support, but could improve",Doubtful we'll meet all objectives,Often feel left out of the team,"Average collaboration, depends on the project",Most are committed but some aren't,"They call it flexible hours, but it feels more like stretch till you snap hours."
RM861,22,18-25,Yes,Travel_Frequently,1256,Research & Development,3,4,Life Sciences,1,1203,3,Male,48,2,1,Research Scientist,4,Married,2853,Upto 5k,4223,0,Y,Yes,11,3,2,80,1,1,5,3,0,0,0,0,,No,2,1,"We struggle with collaboration, but it can be chaotic at times",Uncomfortable seating arrangements,"Moderate support, but could improve",Mixed feelings about goal attainability,Part of a team but not integral,"Average collaboration, depends on the project",Lack of commitment is concerning,Sustainability talks every month and what? Still printing out emails like it's 1999.
RM1274,22,18-25,Yes,Travel_Rarely,1294,Research & Development,8,1,Medical,1,1783,3,Female,79,3,1,Laboratory Technician,1,Married,2398,Upto 5k,15999,1,Y,Yes,17,3,3,80,0,1,6,3,1,0,0,0,,No,4,7,,Generally comfortable but improvements needed,Highly supported for remote work,Confident in reaching objectives,Part of a team but not integral,Good collaboration but can improve,"No commitment to quality, very frustrating",Career ladder? More like a career decoration. No one's climbing it.
RM1340,22,18-25,Yes,Travel_Rarely,391,Research & Development,7,1,Life Sciences,1,1878,4,Male,75,3,1,Research Scientist,2,Single,2472,Upto 5k,26092,1,Y,Yes,23,4,1,80,0,1,2,3,1,0,0,0,,No,6,5,,Very comfortable workspace,"Not supported, no flexibility",Pessimistic about goal achievement,"Not part of the team, very isolated","Average collaboration, depends on the project",Everyone is committed to quality,Work parties are as bland as our coffee. Time to spice things up with something other than budget cuts.
RM586,23,18-25,Yes,Travel_Rarely,1243,Research & Development,6,3,Life Sciences,1,811,3,Male,63,4,1,Laboratory Technician,1,Married,1601,Upto 5k,3445,1,Y,Yes,21,4,3,80,2,1,2,3,0,0,0,0,,Yes,6,5,"Collaboration here is effective, which makes work enjoyable",Very comfortable workspace,"Seldom supported, very rigid",Pessimistic about goal achievement,Often feel left out of the team,Good collaboration but can improve,Commitment is frequently questionable,It‚Äôs like our project goals are written in invisible ink: visible to management only.
RM1202,23,18-25,Yes,Travel_Rarely,1320,Research & Development,8,1,Medical,1,1684,4,Male,93,2,1,Laboratory Technician,3,Single,3989,Upto 5k,20586,1,Y,Yes,11,3,1,80,0,5,2,3,5,4,1,2,,No,4,2,,Very comfortable workspace,"Seldom supported, very rigid",Mixed feelings about goal attainability,Feel integral to the team,"Average collaboration, depends on the project",Lack of commitment is concerning,Why does our equipment always look like it came from a yard sale?
RM1214,23,18-25,Yes,Travel_Rarely,427,Sales,7,3,Life Sciences,1,1702,3,Male,99,3,1,Sales Representative,4,Divorced,2275,Upto 5k,25103,1,Y,Yes,21,4,2,80,1,3,2,3,3,2,0,2,,Yes,4,6,"Collaboration here is effective, due to lack of proper tools",Uncomfortable seating arrangements,"Not supported, no flexibility",Uncertain about some goals,Somewhat disconnected from the team,"Terrible at collaborating, needs overhaul",Most are committed but some aren't,Every week there‚Äôs a new process in place. Can we just stick to one long enough to see if it works?
RM1439,23,18-25,Yes,Travel_Frequently,638,Sales,9,3,Marketing,1,2023,4,Male,33,3,1,Sales Representative,1,Married,1790,Upto 5k,26956,1,Y,No,19,3,1,80,1,1,3,2,1,0,1,0,"I am very pleased, because of the supportive team",Yes,3,3,,"Highly uncomfortable, needs total revamp",Support varies by department,Uncertain about some goals,Somewhat disconnected from the team,We collaborate efficiently,Most are committed but some aren't,"Health benefits are talked up during hiring, but try using them and it‚Äôs a maze."
RM035,24,18-25,Yes,Travel_Rarely,813,Research & Development,1,3,Medical,1,45,2,Male,61,3,1,Research Scientist,4,Married,2293,Upto 5k,3020,2,Y,Yes,16,3,1,80,1,6,2,2,2,0,2,0,,Yes,5,3,,Generally comfortable but improvements needed,"Seldom supported, very rigid",Uncertain about some goals,Somewhat disconnected from the team,Good collaboration but can improve,Most are committed but some aren't,It's a miracle if anyone finds the time for a team lunch. Overbooked and underappreciated.
RM415,24,18-25,Yes,Travel_Rarely,1448,Sales,1,1,Technical Degree,1,554,1,Female,62,3,1,Sales Representative,2,Single,3202,Upto 5k,21972,1,Y,Yes,16,3,2,80,0,6,4,3,5,3,1,4,,No,3,10,,Generally comfortable but improvements needed,"Moderate support, but could improve",Pessimistic about goal achievement,Often feel left out of the team,"Average collaboration, depends on the project",Everyone is committed to quality,"Our office is eco-friendly on paper but look around, and it‚Äôs plastic fantastic."
RM480,24,18-25,Yes,Travel_Frequently,1287,Research & Development,7,3,Life Sciences,1,647,1,Female,55,3,1,Laboratory Technician,3,Married,2886,Upto 5k,14168,1,Y,Yes,16,3,4,80,1,6,4,3,6,3,1,2,,Yes,4,3,"Collaboration here is effective, but it can be chaotic at times",Generally comfortable but improvements needed,Highly supported for remote work,Confident in reaching objectives,Somewhat disconnected from the team,"Poor collaboration, often misaligned",Lack of commitment is concerning,"Reviews are as predictable as plot twists in a bad movie. Time for real feedback, not scripted praise."
RM526,24,18-25,Yes,Travel_Rarely,693,Sales,3,2,Life Sciences,1,720,1,Female,65,3,2,Sales Executive,3,Single,4577,Upto 5k,24785,9,Y,No,14,3,1,80,0,4,3,3,2,2,2,0,,Yes,5,3,"There is room for improvement in collaboration, due to lack of proper tools",Very comfortable workspace,Highly supported for remote work,Pessimistic about goal achievement,"Not part of the team, very isolated","Poor collaboration, often misaligned",Commitment is frequently questionable,"If the air conditioning worked as hard as we do, we‚Äôd all be a lot cooler."
RM872,24,18-25,Yes,Travel_Rarely,984,Research & Development,17,2,Life Sciences,1,1219,4,Female,97,3,1,Laboratory Technician,2,Married,2210,Upto 5k,3372,1,Y,No,13,3,1,80,1,1,3,1,1,0,0,0,,No,3,2,"We struggle with collaboration, but it can be chaotic at times",Very comfortable workspace,"Seldom supported, very rigid",Confident in reaching objectives,"Not part of the team, very isolated",We collaborate efficiently,"No commitment to quality, very frustrating","Our filing system must be based on a treasure hunt map, because nothing is where you expect it to be."
RM1061,24,18-25,Yes,Travel_Frequently,381,Research & Development,9,3,Medical,1,1494,2,Male,89,3,1,Laboratory Technician,1,Single,3172,Upto 5k,16998,2,Y,Yes,11,3,3,80,0,4,2,2,0,0,0,0,,Yes,4,8,,"Highly uncomfortable, needs total revamp",Support varies by department,Doubtful we'll meet all objectives,"Not part of the team, very isolated","Terrible at collaborating, needs overhaul",Everyone is committed to quality,Professional development is just a fancy term for 'figure it out yourself.'
RM1223,24,18-25,Yes,Travel_Rarely,240,Human Resources,22,1,Human Resources,1,1714,4,Male,58,1,1,Human Resources,3,Married,1555,Upto 5k,11585,1,Y,No,11,3,3,80,1,1,2,3,1,0,0,0,,No,3,2,,Uncomfortable seating arrangements,"Seldom supported, very rigid",Pessimistic about goal achievement,"Not part of the team, very isolated",We collaborate efficiently,"No commitment to quality, very frustrating",
RM108,25,18-25,Yes,Travel_Rarely,240,Sales,5,3,Marketing,1,142,3,Male,46,2,2,Sales Executive,3,Single,5744,5k-10k,26959,1,Y,Yes,11,3,4,80,0,6,1,3,6,4,0,3,,Yes,10,6,,Generally comfortable but improvements needed,Support varies by department,Mixed feelings about goal attainability,"Not part of the team, very isolated",Good collaboration but can improve,Most are committed but some aren't,